{
  "module_names": [
    {
      "branches": 2,
      "branches_missing": 0,
      "branches_partial": 0,
      "coverage": 81.3953488372093,
      "lines": [
        2,
        3,
        5,
        8,
        9,
        10,
        11,
        12,
        13,
        15,
        16,
        17,
        21,
        22,
        24,
        26,
        28,
        29,
        31,
        33,
        34,
        35,
        37,
        38,
        40,
        41,
        42,
        43,
        45,
        46,
        48,
        50,
        51,
        52,
        54,
        55,
        57,
        59,
        60,
        62,
        64,
        65,
        66
      ],
      "lines_not_covered": [
        31,
        35,
        40,
        43,
        48,
        52,
        62,
        66
      ],
      "module": "secure_all.access_key",
      "sum_lines": 43,
      "sum_lines_not_covered": 8
    },
    {
      "branches": 0,
      "branches_missing": 0,
      "branches_partial": 0,
      "coverage": 90.0,
      "lines": [
        4,
        6,
        7,
        8,
        10,
        11,
        13,
        15,
        16,
        17
      ],
      "lines_not_covered": [
        17
      ],
      "module": "secure_all.access_management_exception",
      "sum_lines": 10,
      "sum_lines_not_covered": 1
    },
    {
      "branches": 58,
      "branches_missing": 15,
      "branches_partial": 7,
      "coverage": 87.89808917197452,
      "lines": [
        2,
        4,
        5,
        6,
        7,
        8,
        9,
        12,
        15,
        16,
        18,
        19,
        20,
        21,
        22,
        23,
        24,
        25,
        26,
        28,
        29,
        30,
        31,
        32,
        34,
        35,
        37,
        38,
        39,
        41,
        42,
        44,
        45,
        46,
        47,
        49,
        51,
        52,
        53,
        54,
        56,
        57,
        58,
        59,
        61,
        62,
        63,
        64,
        66,
        67,
        68,
        69,
        70,
        71,
        72,
        73,
        74,
        75,
        77,
        78,
        79,
        80,
        82,
        83,
        84,
        85,
        86,
        87,
        89,
        91,
        93,
        94,
        96,
        98,
        99,
        101,
        102,
        104,
        105,
        108,
        109,
        110,
        112,
        113,
        114,
        115,
        116,
        117,
        119,
        121,
        122,
        123,
        124,
        125,
        126,
        127,
        129,
        130,
        132,
        133,
        135,
        137,
        138,
        139,
        141,
        142,
        143,
        148,
        149,
        150,
        151,
        155,
        156,
        157,
        158,
        160,
        161,
        164,
        165,
        167,
        169,
        171,
        172,
        173,
        174,
        175,
        176,
        177,
        178,
        179,
        180,
        182,
        183,
        184,
        185,
        186,
        188,
        190,
        191,
        192,
        193,
        195,
        196,
        198,
        199,
        201,
        203,
        205,
        206,
        207,
        208,
        210,
        211,
        213,
        214,
        216,
        218
      ],
      "lines_not_covered": [
        32,
        71,
        72,
        73,
        74,
        99,
        114,
        115,
        116,
        117,
        126,
        127,
        150,
        169,
        176,
        177,
        178,
        179,
        216
      ],
      "module": "secure_all.access_manager",
      "sum_lines": 157,
      "sum_lines_not_covered": 19
    },
    {
      "branches": 0,
      "branches_missing": 0,
      "branches_partial": 0,
      "coverage": 79.06976744186046,
      "lines": [
        2,
        3,
        4,
        7,
        9,
        10,
        11,
        12,
        13,
        14,
        15,
        17,
        18,
        20,
        21,
        24,
        26,
        27,
        28,
        30,
        31,
        33,
        35,
        36,
        37,
        39,
        40,
        42,
        44,
        45,
        46,
        48,
        49,
        51,
        53,
        54,
        55,
        57,
        58,
        60,
        62,
        63,
        65
      ],
      "lines_not_covered": [
        24,
        28,
        33,
        37,
        42,
        46,
        51,
        55,
        60
      ],
      "module": "secure_all.access_request",
      "sum_lines": 43,
      "sum_lines_not_covered": 9
    },
    {
      "branches": 0,
      "branches_missing": 0,
      "branches_partial": 0,
      "coverage": 100.0,
      "lines": [
        3,
        4,
        5,
        6
      ],
      "lines_not_covered": [],
      "module": "secure_all",
      "sum_lines": 4,
      "sum_lines_not_covered": 0
    }
  ],
  "overall_branch_coverage": 75.0,
  "overall_branch_partial_coverage": 88.33333333333333,
  "overall_coverage": 85.60311284046692
}